Entity,Confirmed,Deaths,DaysSince100,Population,Population60Plus,PopulationDensity,GDP,GDPPerCapita,PhysiciansPer1000,BedsPer10000,CTPerMillion,CO2PerCapita,PopulationMedianAge,Obesity,Smoking,RaisedBloodPressure,GeographicRegion,Fatality,PhysicianOverload,BedOverload,CTOverload
Afghanistan,2.0827853703164503,0.6989700043360189,0.47712125471966244,1.5802610579912653,4.1655,1.7654405461829814,4.342284474225749,2.791690649020118,-0.5228787452803376,0.6020599913279624,-0.6989700043360187,-0.5228787452803376,16.2,2.4,,27.6,Southern Asia,0.03333333333333333,1.021798933336697,-0.10313980327160295,1.1978901923923782
Albania,2.3283796034387376,1.0413926851582251,0.8450980400142568,0.4595281835834572,20.4779,2.0217803643968653,4.115244285327255,3.6483600109809315,0.07918124604762482,1.4471580313422192,0.7291647896927701,0.3010299956639812,32.56,21.1,27.05,35.4,Southern Europe,0.04716981132075472,1.7876264312976695,0.419649646003075,1.1376428876525242
Algeria,2.709269960975831,1.505149978319906,0.9542425094393249,1.6340044279016994,9.6817,1.2571095404077486,5.224157392123602,3.6079908585471747,0.25527250510330607,1.2304489213782739,,0.568201724066995,26.62,17.5,,33.6,Northern Africa,0.060665362035225046,0.8191439671297073,-0.15603244914526054,
Andorra,2.525044807036845,0.8450980400142568,0.9030899869919435,-1.112945621949043,19.0387,2.2151929969432995,3.478999131673357,4.592765044389603,0.5185139398778874,1.3979400086720377,,0.8061799739838872,,24.2,30.2,23.2,Southern Europe,0.017964071856287425,3.11817814888272,2.23875208008857,
Argentina,2.8727388274726686,1.3010299956639813,1.0,1.6510908780719808,15.3941,1.2138655845037587,5.804470651553821,4.158362492095249,0.6020599913279624,1.6532125137753437,,0.6720978579357175,30.83,29.4,17.7,24.1,Latin America and the Caribbean,0.025503355704697986,0.6190054033483496,-0.4321471190990317,
Armenia,2.6283889300503116,0.6020599913279624,1.0413926851582251,0.47095412133364856,17.9115,2.0165712380638907,4.062092892630169,3.5951654147902294,0.4623979978989561,1.568201724066995,0.48000694295715063,0.25527250510330607,32.3,23.4,22.85,39.3,Western Asia,0.007075471698113208,1.694013737360128,0.588210011192089,1.6764047923019334
Austria,3.9439394644722165,1.9395192526186185,1.3424226808222062,0.9520704399009303,25.3214,2.0360960789098623,5.619965219711307,4.678682232836399,0.7075701760979364,1.8864907251724818,1.4546924492394768,0.8388490907372553,42.4,18.3,30.95,24.3,Western Europe,0.00978607191624943,2.2842494322496063,1.1053288831750605,1.5371271591080655
Azerbaijan,2.322219294733919,0.6989700043360189,0.6020599913279624,1.0020666596047452,11.0734,2.0847824741756065,4.610116955411928,3.617629297757842,0.5314789170422551,1.8750612633917,0.02530586526477026,0.5910646070264992,29.34,24.7,20.45,33.6,Western Asia,0.019138755980861243,0.7866007094640537,-0.5569816368853913,1.2927737612415386
Bahrain,2.6989700043360187,0.6989700043360189,1.3010299956639813,0.21516150829487504,5.1096,3.3343404981205387,4.548094464599433,4.374161560604974,-0.045757490560675115,1.255272505103306,,1.3617278360175928,30.07,32.6,48.45,33.9,Western Asia,0.008016032064128256,2.52869652788919,1.227666532225209,
Belgium,4.034909073367748,2.635483746814912,1.380211241711606,1.0621794643346179,25.2634,2.5810247037707095,5.694398091987526,4.636377553484719,0.5185139398778874,1.8129133566428555,,0.919078092376074,41.41,19.1,20.0,20.7,Western Europe,0.039774824658545586,2.4541755921486255,1.1597761753836573,
Bosnia and Herzegovina,2.510545010206612,0.8450980400142568,0.9030899869919435,0.5186455243303115,24.4739,1.8110754140146303,4.259331024917654,3.714413592287121,0.3010299956639812,1.5314789170422551,1.216165902285993,0.7634279935629372,39.23,24.2,34.75,38.7,Southern Europe,0.018575851393188854,1.68952700233681,0.4590780809585362,0.7743910957147982
Brazil,3.6291036501771363,2.1367205671564067,1.2304489213782739,2.324384327599178,13.5897,1.4022751420618766,6.312920016518252,3.9921557110426167,0.3222192947339193,1.380211241711606,,0.414973347970818,29.89,19.5,11.65,32.7,Latin America and the Caribbean,0.03195488721804511,0.9823979969538948,-0.07559395002379178,
Brunei Darussalam,2.103803720955957,0.3010299956639812,0.7781512503836436,-0.3632113109656252,8.9655,1.9149632105329368,4.083789188287978,4.451648298705005,0.25527250510330607,1.414973347970818,0.8561244442423003,1.3384564936046048,30.14,7.9,16.35,20.5,South-eastern Asia,0.007936507936507936,2.208309350979882,1.0486085081123702,1.6074574118408878
Bulgaria,2.5403294747908736,0.9542425094393249,1.0,0.8451042441768258,28.0121,1.809435805201345,4.765087119928712,3.9147661369258526,0.6020599913279624,1.8195439355418688,,0.7708520116421442,42.84,21.4,28.4,35.5,Eastern Europe,0.023121387283236993,1.0919118632879885,-0.12557208092591787,
Burkina Faso,2.3483048630481607,1.1139433523068367,0.7781512503836436,1.3079536244450667,3.9008,1.8708368133211344,4.090786927949267,2.807535028068853,-1.0,0.6020599913279624,-0.18708664335714442,-1.0,17.01,2.4,25.95,36.1,Sub-Saharan Africa,0.05405405405405406,2.0383993500055717,0.4363393586776095,1.2254859933627162
Cambodia,2.0170333392987803,0.0,0.0,1.2171284669227096,7.3537,1.9703357164854647,4.344804755754967,3.1405080430381798,-0.6989700043360187,,0.07554696139253074,-0.3979400086720376,24.1,2.3,21.25,19.4,South-eastern Asia,0.0,1.4946787621184814,,0.7201617963899317
Cameroon,2.146128035678238,0.8450980400142568,0.0,1.412903855888225,4.2955,1.7383087599401852,4.543123979547865,3.161966616364075,-1.0,1.1139433523068367,-0.2006594505464183,-0.5228787452803376,18.18,11.1,44.05,32.7,Sub-Saharan Africa,0.04316546762589928,1.73011094436587,-0.38383240794096674,0.9307703949122883
Chile,3.330413773349191,0.9030899869919435,1.146128035678238,1.2776550477147086,16.9431,1.4063562049852445,5.44260674635941,4.186023493117446,0.04139268515822508,1.3222192947339193,1.100370545117563,0.6720978579357175,32.76,29.1,33.65000000000001,33.3,Latin America and the Caribbean,0.0032725572697522207,2.011163051698594,0.7303364421228999,0.9521851917392564
"China, Hong Kong SAR",2.807535028068853,0.6989700043360189,1.4471580313422192,0.8713510618056591,25.1708,3.850159074449113,5.533592865418301,4.66642437251876,,,,0.8061799739838872,,,,,Eastern Asia,0.0062402496099844,,,
Colombia,2.846955325019824,1.0413926851582251,1.0413926851582251,1.7019080348467885,12.7695,1.6567812230557026,5.490226843890454,3.799478398837981,0.3222192947339193,1.0,,0.25527250510330607,27.4,18.1,8.4,30.2,Latin America and the Caribbean,0.014245014245014245,0.8222097825490975,0.1444290772830167,
Costa Rica,2.4983105537896004,0.47712125471966244,0.9542425094393249,0.7030849316806573,14.4913,1.9950008370609376,4.76015850899809,4.069446083880313,0.04139268515822508,1.0791812460476249,0.7101173651118162,0.2041199826559248,29.29,24.6,10.55,27.2,Latin America and the Caribbean,0.006369426751592357,1.7524520312343326,0.7146634703449328,1.0837273512807415
C�te d�Ivoire,2.220108088040055,0.3010299956639812,0.47712125471966244,1.4102118610593541,4.6718,1.907785294993609,4.580411726277412,3.1947917577219247,-0.6989700043360187,0.6020599913279624,-0.16115090926274472,-0.3010299956639812,18.96,6.7,,38.8,Sub-Saharan Africa,0.006060606060606061,1.5062420874905709,0.2052120918265897,0.9684229924172968
Croatia,2.8536982117761744,0.8450980400142568,1.0413926851582251,0.6159815973253545,27.8954,1.8681040256749162,4.741946945311592,4.119816545937216,0.47712125471966244,1.7323937598229686,1.17376882313665,0.6020599913279624,42.38,21.3,38.9,38.3,Southern Europe,0.008415147265077139,1.7599866778068487,0.5047141727035425,1.063339109389861
Cuba,2.146128035678238,0.6020599913279624,0.3010299956639812,1.0543640489591897,20.6811,2.0272586614739763,4.986104109229005,3.925982100327103,0.9138138523837167,1.7708520116421442,0.6803355134145632,0.47712125471966244,39.57,20.5,32.5,31.0,Latin America and the Caribbean,0.02158273381294964,0.17483689891118878,-0.6822012603472387,0.40831523788034224
Cyprus,2.3324384599156054,0.7781512503836436,0.8450980400142568,0.07867427336046615,19.3335,2.112993213239327,4.343487370238302,4.411451342137937,0.3010299956639812,1.5797835966168101,1.4050046650503694,0.7160033436347992,34.88,23.4,,23.4,Western Asia,0.02336448598130841,1.9507095043247435,0.6719559033719146,0.8467348349383553
Czechia,3.4499409887733377,1.2304489213782739,1.2304489213782739,1.0289452030023638,25.9381,2.141103454049052,5.334101749583195,4.308051921242662,0.6334684555795865,1.8512583487190752,1.113609151073028,0.9637878273455552,40.07,28.7,32.25,33.5,Eastern Europe,0.0056798012069577564,1.787373188403823,0.5695832952643343,1.3072324929103816
Faroe Islands,2.2041199826559246,0.0,0.9030899869919435,-1.3124710387853658,22.5111,1.542446965477808,,,,,,1.0934216851622351,,,,,Northern Europe,0.0,,,
Denmark,3.3794868137172736,1.863322860120456,1.3010299956639813,0.7613187981968546,25.8219,2.133643956609047,5.518337554183292,4.75991702046173,0.6532125137753437,1.5440680443502757,1.3774883833761327,0.7708520116421442,40.95,16.2,10.15,21.0,Northern Europe,0.030062630480167014,1.9647742057783837,1.0739186752034517,1.2404983361775948
Dominican Republic,2.934498451243568,1.6020599913279623,0.9542425094393249,1.0309638423782752,10.7919,2.3468351257163427,4.880424839065651,3.8483123036272846,0.2041199826559248,1.2041199826559248,,0.3222192947339193,25.53,21.9,12.35,32.5,Latin America and the Caribbean,0.04540162980209546,1.6989093387970422,0.6989093387970423,
Ecuador,3.2844307338445193,1.7708520116421442,1.0791812460476249,1.2398923180708645,10.7376,1.8448094485299193,5.018267652518193,3.7974752875373343,0.3222192947339193,1.1760912590556813,0.2013971243204515,0.4471580313422192,25.83,22.0,6.75,28.1,Latin America and the Caribbean,0.030145530145530147,1.7220934548970104,0.8682214905752484,1.8429156253104781
Egypt,2.785329835010767,1.6127838567197355,1.2041199826559248,2.0016822346154153,8.1171,2.0036625526867486,5.290337398349267,3.3010299956639813,-0.09691001300805639,1.2304489213782739,,0.3424226808222063,24.93,34.6,31.6,27.1,Northern Africa,0.06568144499178982,0.8798450710255165,-0.4475138633608139,
Estonia,2.832508912706236,0.6020599913279624,1.2041199826559248,0.1224124954112803,26.5131,1.4951653786679522,4.413651752063699,4.296511624661298,0.5440680443502757,1.7323937598229686,1.1914510144648955,1.1702617153949575,40.78,18.9,28.950000000000006,39.7,Northern Europe,0.004418262150220913,2.165389234518946,0.9770635190462529,1.518006264404326
Finland,3.09377178149873,1.0791812460476249,1.2304489213782739,0.7428978723277829,28.6043,1.2601787552159676,5.401826009829886,4.659631011607001,0.5797835966168101,1.792391689498254,1.302979936748249,0.9344984512435677,42.24,19.9,16.65,28.8,Northern Europe,0.008870967741935484,1.770740216217642,0.5581321233361983,1.047543876086203
Guadeloupe,2.0293837776852097,0.6989700043360189,0.3010299956639812,-0.39783144862100284,25.3527,2.390466310452954,,,,,,0.7403626894942439,,,,,Latin America and the Caribbean,0.03773584905660377,,,
R�union,2.2648178230095364,0.0,0.6989700043360189,-0.05114709380028646,17.6108,2.55092608885733,,,,,,0.6901960800285137,,,,,Sub-Saharan Africa,0.0,,,
France,4.603955885435382,3.416141031168329,1.4771212547196624,1.8137790777342753,26.4596,2.075349841857633,6.412038984843648,4.584500837524111,0.505149978319906,1.8388490907372552,,0.6720978579357175,40.43,15.6,25.05,22.5,Western Europe,0.06486782496141784,2.285016019178661,0.9513169067613119,
Germany,4.7930636253959396,2.727541257028556,1.462397997898956,1.9217748857198997,28.3472,2.379497507815336,6.567403297260345,4.652980828263366,0.6232492903979004,1.9138138523837167,,0.9493900066449128,45.09,21.3,28.05,26.0,Western Europe,0.008583621869715757,2.2480324553014115,0.9574678933155953,
Ghana,2.184691430817599,0.7781512503836436,0.6020599913279624,1.4831292278006951,5.1552,2.1260709851280857,4.7708225669503195,3.3109056293761414,-0.6989700043360187,0.9542425094393249,-0.8239087409443188,-0.2218487496163564,20.45,8.0,8.65,32.2,Sub-Saharan Africa,0.03289473684210526,1.397684364480096,-0.2555281492952476,1.5226231010883962
Greece,3.0633333589517497,1.591064607026499,1.2304489213782739,1.0200918370445464,28.298000000000002,1.909837266851979,5.307679985776484,4.260023660694307,0.6627578316815741,1.6812412373755872,1.5206145218782359,0.785329835010767,42.47,17.5,38.0,22.5,Southern Europe,0.0328719723183391,1.3801081653583898,0.3616247596643766,0.5222514751617279
Honduras,2.0453229787866576,0.6020599913279624,0.0,0.9888308631529492,7.1751,1.9400405921452688,4.361331125138534,3.3944516808262164,-0.5228787452803376,0.9030899869919435,0.3222192947339193,0.07918124604762482,21.57,19.8,12.6,27.9,Latin America and the Caribbean,0.02727272727272727,1.5754405672856133,0.14947183501333222,0.7303425272713565
Hungary,2.611723308007342,1.146128035678238,0.9542425094393249,0.9860861722556974,26.5522,2.0292928504439454,5.1453859993942235,4.157638064100917,0.505149978319906,1.8512583487190752,0.8215135284047731,0.6334684555795865,40.35,24.8,22.75,36.8,Eastern Europe,0.031862745098039214,1.1194240125142767,-0.22668435788489272,0.8030604624294094
Iceland,3.0090257420869104,0.47712125471966244,1.255272505103306,-0.4698003017969179,21.0904,0.5291607617211344,4.388758187849104,4.863679667875898,0.6020599913279624,1.7634279935629373,1.5960470075454392,0.785329835010767,35.3,21.9,10.95,20.1,Northern Europe,0.00196078431372549,2.876340482230873,1.714972479995898,1.8823534660133963
India,3.010723865391773,1.4471580313422192,1.2041199826559248,3.1355835108328005,9.8703,2.662360837308048,6.410889713730161,3.28397928423848,-0.09691001300805639,0.9542425094393249,,0.2304489213782739,26.07,1.9,7.75,22.9,Southern Asia,0.0263671875,-0.02837354118493205,-1.0795260636323134,
Indonesia,3.109240968588203,2.060697840353612,1.1760912590556813,2.4323688765663563,9.7169,2.174313677972269,6.006696606381459,3.5851221863068155,-0.3979400086720376,0.7781512503836436,,0.25527250510330607,27.47,4.7,44.9,30.9,South-eastern Asia,0.088715953307393,1.0744742597729946,-0.1016169992826866,
Iran (Islamic Republic of),4.583312151983078,3.421768401206924,1.5185139398778875,1.9186273434243764,9.9872,1.7068261291333524,5.663678315110057,3.754348335711019,0.04139268515822508,1.2304489213782739,,0.919078092376074,27.99,21.6,8.95,28.9,Southern Asia,0.06891331018820643,2.623280786930882,1.434224550710833,
Iraq,2.738780558484369,1.6334684555795864,1.2304489213782739,1.594500834226669,5.0917,1.9566908068918545,5.260128653811398,3.677241845946654,-0.09691001300805639,1.1139433523068367,0.3463529744506387,0.6812412373755872,19.5,29.4,,29.4,Western Asia,0.07678244972577697,1.240396505114818,0.029543139799924758,0.797133517656123
Ireland,3.4176377396522297,1.6720978579357175,1.2041199826559248,0.688642251959892,19.2596,1.8504857187046284,5.520391816831582,4.842634198346347,0.4913616938342727,1.6901960800285136,0.6570558528571039,0.8633228601204559,34.94,24.5,17.9,27.7,Northern Europe,0.017590822179732315,2.2374677474091285,1.0386333612148875,2.0717735883862973
Israel,3.6281845080734128,1.2041199826559248,1.255272505103306,0.9304090095713,16.3395,2.5951506328621194,5.548104299611931,4.627898155557663,0.505149978319906,1.5440680443502757,0.8750612633917001,0.9084850188786497,30.1,25.5,29.5,19.6,Western Asia,0.0035319048740287263,2.1925232730994733,1.1536052070691039,1.8226119880276794
Italy,4.98985010960318,4.03261876085072,1.5563025007672873,1.7821148647278295,29.3835,2.3135605761296953,6.2886593976114735,4.51517151980495,0.6127838567197355,1.5563025007672873,,0.7323937598229685,43.99,17.2,22.700000000000006,24.6,Southern Europe,0.1103399563922243,2.5949469424937797,1.6514282984462278,
Japan,3.2711443179490782,1.7403626894942439,1.5797835966168101,2.103325734084861,34.0143,2.541562645593164,6.687744271524302,4.582290682718994,0.38021124171160603,2.1367205671564067,2.0050946750725487,0.9822712330395684,45.53,4.5,17.1,21.5,Eastern Asia,0.028938906752411574,0.7873746636140145,-0.9691346618307863,-0.8375087697469281
Jordan,2.4149733479708178,0.6020599913279624,0.9030899869919435,1.004394466702642,5.9161,2.0560789069249576,4.609679765845366,3.62283547952152,0.36172783601759284,1.255272505103306,0.7403626894942439,0.5563025007672873,23.06,34.3,50.15,23.2,Western Asia,0.011583011583011582,1.0471774613610167,0.15363279227530355,0.6685426078843657
Kazakhstan,2.45484486000851,0.3010299956639812,0.6020599913279624,1.2683766896562916,11.8639,0.8370641911042468,5.202507388544558,3.9423057528958942,0.5185139398778874,1.8808135922807914,0.1643528557844371,1.1553360374650619,29.2,24.4,22.700000000000006,35.8,Central Asia,0.0035211267605633804,0.6664277105128585,-0.6958719418900453,1.020588794606309
Republic of Korea,3.981546805045236,2.184691430817599,1.591064607026499,1.7094845105180945,22.1182,2.7216842641131973,6.184904551821205,4.4774830160749435,0.38021124171160603,2.012837224705172,1.5487578285737043,1.0681858617461617,38.85,7.3,23.8,15.6,Eastern Asia,0.015861421266826672,1.8918057359185463,0.25917975292498,0.723259149056448
Kuwait,2.4082399653118496,0.0,1.2041199826559248,0.6239828350338829,5.9971,2.373073361236806,5.077491452666406,4.460852757944295,0.414973347970818,1.3010299956639813,,1.404833716619938,28.95,42.8,,27.1,Western Asia,0.0,1.3675839974292543,0.4815273497360912,
Latvia,2.5415792439465807,0.0,1.0,0.2802823665678664,27.1487,1.4865013204632531,4.4837726704803105,4.1938200260161125,0.505149978319906,1.806179973983887,,0.5440680443502757,41.44,22.0,34.25,38.3,Northern Europe,0.0,1.7548971299031013,0.45386713423912006,
Lebanon,2.6424645202421213,1.0413926851582251,1.1760912590556813,0.8360518049485159,10.8001,2.8261770119260725,4.727492457154141,3.9433955765089546,0.36172783601759284,1.5440680443502757,1.3995006613146106,0.6334684555795865,29.4,28.2,46.55,29.8,Western Asia,0.0228310502283105,1.4436944695379907,0.261354261205308,0.4059216442409731
Lithuania,2.663700925389648,0.9030899869919435,0.9030899869919435,0.440846136274557,26.8613,1.6437624942855202,4.677095717250153,4.216165902285993,0.6334684555795865,1.8325089127062364,1.3057811512549822,0.6434526764861874,39.09,24.7,27.3,39.8,Northern Europe,0.015217391304347827,1.5884432398274306,0.38940278270078077,0.9161305441520349
Luxembourg,3.2902572693945182,1.3424226808222062,1.1139433523068367,-0.21063084640851826,19.72,2.3760898362084424,4.794599568642681,5.028595650573609,0.47712125471966244,1.7481880270062005,1.2753113545418118,1.2380461031287955,39.0,23.4,20.6,23.1,Western Europe,0.010769230769230769,3.0235442030513737,1.7524774307648359,2.2253541032292246
Malaysia,3.3928727454020793,1.5563025007672873,1.3222192947339193,1.504468143897604,10.6166,1.9878663874611384,5.497906402994451,3.997866726239145,0.17609125905568124,1.255272505103306,0.8082109729242221,0.9084850188786497,26.99,14.1,19.3,26.8,South-eastern Asia,0.01417004048582996,1.7121375503063805,0.6329563042587557,1.0800178364378397
Malta,2.1818435879447726,0.0,0.8450980400142568,-0.3561526897002858,27.6348,3.13866971928209,4.098747528824818,4.4644448339639276,0.5797835966168101,1.6532125137753437,0.9694159123539814,0.7481880270062004,40.65,26.6,21.45,25.1,Southern Europe,0.0,1.9553460403766452,0.8819171232181116,1.565713724639474
Mauritius,2.03342375548695,0.6020599913279624,0.3010299956639812,0.10370111958951442,17.7765,2.7961941244699253,4.126001456787675,4.023869501388332,0.3010299956639812,1.5314789170422551,0.8082109729242221,0.5185139398778874,34.18,18.2,19.9,37.6,Sub-Saharan Africa,0.028037383177570093,1.624652662431714,0.3942037410534401,1.1174716851714732
Mexico,2.928907690243953,1.2304489213782739,1.0413926851582251,2.1057672791153053,10.9519,1.8170825518536846,6.06379443469708,3.952647169758943,0.3424226808222063,1.2041199826559248,0.5622928644564748,0.5797835966168101,26.64,32.8,9.4,24.4,Latin America and the Caribbean,0.018867924528301886,0.4802058923192024,-0.3814914095145161,0.26033570868493394
Republic of Moldova,2.4216039268698313,0.47712125471966244,0.8450980400142568,0.6067359657984186,18.4187,2.0901966617200958,3.909983694939844,3.302330928684399,0.505149978319906,1.792391689498254,0.7363965022766424,0.07918124604762482,35.61,20.4,27.6,37.2,Eastern Europe,0.0076045627376425855,1.3080698043714334,0.020828093193085425,1.0768232804146969
Morocco,2.681241237375587,1.4313637641589874,0.9030899869919435,1.5619571976646633,11.4371,1.9123299522837753,5.040242256471788,3.4871383754771865,-0.1549019599857432,1.0413926851582251,0.08278537031645007,0.2304489213782739,26.7,17.3,28.85,35.8,Northern Africa,0.054279749478079335,1.273280275735643,0.07698563059167478,1.0355929454334498
Netherlands,4.03610966706058,2.887617300335736,1.380211241711606,1.2329224518655222,26.0631,2.705035626522577,5.919377809097961,4.688010252991739,0.5440680443502757,1.6720978579357175,1.0874264570362855,0.9956351945975499,41.47,16.2,20.5,23.2,Western Europe,0.07095527332965212,2.259079204481904,1.1310493908964625,1.7157207917958943
New Zealand,2.711807229041191,0.3010299956639812,0.9030899869919435,0.679709460736944,21.7338,1.2592377930233218,5.305445957943318,4.63281146723474,0.47712125471966244,1.3617278360175928,1.1986570869544226,0.8864907251724818,36.85,27.0,,18.9,Australia and New Zealand,0.0019455252918287938,1.5541324035386694,0.6695258222407389,0.8325965713039091
Nigeria,2.0492180226701815,0.3010299956639812,0.0,2.303117401944299,4.5025,2.34370865555882,5.574922104783855,3.2942457161381182,-0.3979400086720376,0.6989700043360189,,-0.2218487496163564,17.84,7.1,12.25,40.0,Sub-Saharan Africa,0.009009009009009009,0.14014558551439593,-0.9567644274936604,
North Macedonia,2.4149733479708178,0.8450980400142568,0.9030899869919435,0.3187935047932968,20.2682,1.9170399821324056,4.052309099647323,3.733598460961339,0.4623979978989561,,,,,,,,Southern Europe,0.023166023166023165,1.632108261388999,,
Norway,3.631950826259217,1.414973347970818,1.380211241711606,0.730693470317932,22.9632,1.1680788977645984,5.6014841695732285,4.876766137628234,0.6627578316815741,1.5185139398778875,,0.9637878273455552,38.88,19.8,14.55,28.0,Northern Europe,0.005835667600373483,2.2383981601603122,1.3826420519639986,
Oman,2.225309281725863,0.0,0.6020599913279624,0.6967930850817442,4.1578,1.2061320694496573,4.849935100952567,4.183753705592957,0.3010299956639812,1.255272505103306,0.8375884382355113,1.1583624920952498,25.88,22.0,16.05,30.5,Western Asia,0.0,1.2248933904018577,0.2706508809625329,0.6883349478303277
Pakistan,3.2035767749779724,1.1760912590556813,1.146128035678238,2.335588871376175,6.6394,2.4486021385558554,5.48020678747654,3.185825359612962,0.0,0.7781512503836436,-0.4814860601221125,-0.045757490560675115,22.23,5.9,23.95,28.4,Southern Asia,0.008766437069505322,0.8677160447623075,0.0895647943786639,1.34920210488442
Panama,2.9552065375419416,1.255272505103306,1.0413926851582251,0.6280209011843415,11.9273,1.7568026445978124,4.791255434936629,4.1786316753932535,0.2041199826559248,1.3424226808222062,0.9813655090785445,0.36172783601759284,27.64,25.8,3.9,28.2,Latin America and the Caribbean,0.018867924528301886,2.1225839071387966,0.9842812089725153,1.345338380716177
Peru,2.930949031167523,1.2787536009528289,1.1139433523068367,1.5120236488431313,12.0793,1.4048131982857104,5.325111146047099,3.8176975547630243,0.11394335230683679,1.1760912590556813,,0.3010299956639812,26.16,16.5,,22.8,Latin America and the Caribbean,0.02112676056338028,1.304472593616732,0.24232468686788758,
Philippines,3.151982395457474,1.8573324964312685,1.2041199826559248,2.0338923797527704,8.341000000000001,2.5594285183928975,5.4963691296191595,3.4755259150392805,0.11394335230683679,0.6989700043360189,0.037426497940623665,0.04139268515822508,22.74,6.4,21.05,26.2,South-eastern Asia,0.05007052186177715,1.0038404987874405,0.41881384675825856,1.0803573531536537
Poland,3.2702128548962426,1.3617278360175928,1.2041199826559248,1.578499388183432,25.4113,2.0924511441501656,5.721160747729842,4.139438274158168,0.38021124171160603,1.8260748027008264,1.0253058652647702,0.8692317197309762,38.55,23.2,21.9,37.2,Eastern Europe,0.011815252416756176,1.3112690467502859,-0.1345945142389345,0.6661744231971217
Portugal,3.7754648093457392,2.0791812460476247,1.2304489213782739,1.0097142822343474,28.8549,2.047865728963803,5.2901259149630295,4.276047993296864,0.5185139398778874,1.5185139398778875,1.4382258076045293,0.6334684555795865,41.81,21.6,21.1,29.3,Southern Europe,0.019959745051995974,2.247163749584377,1.2471637495843768,1.327451881857735
Qatar,2.8027737252919755,0.3010299956639812,1.2787536009528289,0.4521085840041175,3.2577,2.3872712691230342,5.224286970380293,4.802814759052481,-inf,1.0791812460476249,0.919078092376074,1.6963563887333322,31.64,33.1,,32.6,Western Asia,0.0015772870662460567,inf,1.2707994278299903,1.4309025815015413
Romania,3.2591158441850663,1.6434526764861874,1.2041199826559248,1.2870085305197814,25.6933,1.9249586321215475,5.325934157667235,4.0319333402756055,0.36172783601759284,1.8195439355418688,0.7355988996981799,0.5563025007672873,39.09,17.7,24.950000000000006,36.0,Eastern Europe,0.023691460055096418,1.610140262834757,0.15232416331048118,1.2362691991541699
Russian Federation,3.1861083798132053,0.9542425094393249,1.1139433523068367,2.1639728306235857,21.9565,0.9497412039628632,6.197975975198758,4.039652023581924,0.6020599913279624,1.9867717342662448,,1.0755469613925308,38.22,24.9,39.3,34.4,Eastern Europe,0.005215123859191656,0.41979253766141417,-0.9649192052768683,
San Marino,2.3521825181113627,1.3617278360175928,1.1760912590556813,-1.469800301796918,24.0856,2.7515356777369107,3.2278867046136734,4.704047509886261,0.785329835010767,,1.5024271199844328,,,,,,Southern Europe,0.09821428571428571,3.0347184851203135,,2.317621200146648
Saudi Arabia,3.113943352306837,0.9542425094393249,1.2041199826559248,1.5348950949177544,5.6917,1.202518286159672,5.834946244339366,4.3172482684453195,0.38021124171160603,1.3424226808222062,0.5820633629117087,1.290034611362518,27.03,35.2,19.05,31.2,Western Asia,0.006158583525789068,1.1985028144436674,0.2362913753330671,0.9966506932435647
Senegal,2.155336037465062,0.0,0.6020599913279624,1.2120916760105642,4.7973,1.9275920738318433,4.324817275453828,3.1248301494138593,-1.0,0.47712125471966244,-0.4559319556497244,-0.2218487496163564,18.01,8.0,14.6,36.1,Sub-Saharan Africa,0.0,1.9401966683724923,0.4630754136528299,1.3961286240222168
Serbia,2.870403905279027,1.146128035678238,1.0413926851582251,0.9431085247275797,25.1863,2.001300933020418,4.6189889203649335,3.7717344253867693,0.4913616938342727,1.7323937598229686,1.1357685145678222,0.6334684555795865,38.38,23.0,38.4,38.1,Southern Europe,0.017543859649122806,1.4353479894174757,0.19431592342877996,0.7909411686839262
Singapore,2.926856708949692,0.6020599913279624,1.4771212547196624,0.7637498512118531,19.863,3.9186545796355845,5.510412288837011,4.75386636850794,0.36172783601759284,1.4913616938342726,0.9479236198317263,1.0086001717619175,37.88,6.4,16.75,21.4,South-eastern Asia,0.0035545023696682463,1.800864759396209,0.6712309015795292,1.2146689755820756
Slovakia,2.4983105537896004,0.0,1.0791812460476249,0.7369539537831461,22.8402,2.0549181790050555,4.980539655506521,4.244326610230636,0.3979400086720376,1.8129133566428555,,0.7481880270062004,37.87,24.6,26.45,37.3,Eastern Europe,0.0,1.3620356856180313,-0.052937662352786755,
Slovenia,2.8639173769578603,1.0791812460476249,1.2304489213782739,0.31779181605307144,27.2352,2.0137226196246725,4.685347560655245,4.367281357632943,0.47712125471966244,1.662757831681574,1.1306553490220306,0.7923916894982539,42.1,27.0,17.3,38.0,Southern Europe,0.015068493150684932,2.068409789347722,0.8827732123858103,1.4148756950453538
South Africa,3.1075491297446862,0.47712125471966244,1.0791812460476249,1.7675884602747909,8.4053,1.6836952928309132,5.54266611495266,3.788945727023748,-0.045757490560675115,1.4471580313422192,-0.01322826573375516,0.9590413923210935,25.7,33.5,16.900000000000002,37.4,Sub-Saharan Africa,0.0015625,1.3853789999337527,-0.10753652196914168,1.3528497751068327
Spain,4.903692152929503,3.8327643049405316,1.4471580313422192,1.669658973569306,25.7252,1.9717321749101493,6.118699134003266,4.452614335023878,0.6127838567197355,1.505149978319906,1.1414497734004674,0.7075701760979364,40.99,24.1,24.6,23.2,Southern Europe,0.0849207339907627,2.6212439014474613,1.7288777798472907,2.0925779847667294
Sri Lanka,2.0718820073061255,0.3010299956639812,0.7781512503836436,1.3288625638706963,15.9322,2.5315264313686563,4.941297711145722,3.621591675859218,0.0,1.4913616938342726,0.08635983067474821,-0.045757490560675115,31.12,5.0,13.95,28.5,Southern Asia,0.008547008547008548,0.7393232978754652,-0.7520383959588075,0.652963467200717
Sweden,3.5683190850951116,2.0453229787866576,1.380211241711606,1.001577961762836,25.7745,1.3884333702051632,5.7288462442949895,4.732739449293047,0.7323937598229685,1.4471580313422192,,0.6532125137753437,40.91,16.6,14.95,24.6,Northern Europe,0.02972972972972973,1.8342300024811904,1.1194657309619398,
Switzerland,4.171141151028382,2.4785664955938436,1.3979400086720377,0.93406393946955,24.8448,2.3372891043296535,5.83183011671455,4.903637937954038,0.6232492903979004,1.7160033436347992,,0.6334684555795865,41.85,14.9,19.6,20.9,Western Europe,0.020230629172567266,2.6137986353129885,1.52104458207609,
Thailand,3.1427022457376155,0.9030899869919435,1.1760912590556813,1.8427689507392917,18.4579,2.1344413664617137,5.658300511892098,3.819214799882384,-0.09691001300805639,1.3222192947339193,0.7745169657285496,0.6720978579357175,36.42,8.5,20.1,22.3,South-eastern Asia,0.005043227665706052,1.3965305283876008,-0.02259877935437481,0.5251035496509949
Tunisia,2.4955443375464483,0.9542425094393249,0.7781512503836436,1.0679890854854304,13.061,1.876650764184797,4.602808503902597,3.540954808926133,0.11394335230683679,1.3222192947339193,0.9498777040368748,0.414973347970818,29.89,23.8,,32.0,Northern Africa,0.02564102564102564,1.3122221562261758,0.10394621379909325,0.47628780449613767
Turkey,3.9646367037885017,2.12057393120585,1.0413926851582251,1.9213201613806672,12.7289,2.0350380962075785,5.93020607322452,4.023087766995445,0.25527250510330607,1.3979400086720377,1.161966616364075,0.6532125137753437,29.04,29.3,19.95,24.5,Western Asia,0.014212867527395031,1.78799692100593,0.6453294174371985,0.8813028097451613
Ukraine,2.677606952720493,1.0413926851582251,0.6989700043360189,1.6433895017850937,23.3712,1.880471164695003,5.04981476741474,3.404149249209695,0.47712125471966244,1.9395192526186185,,0.7075701760979364,39.62,20.1,28.3,40.3,Eastern Europe,0.021052631578947368,0.5561828531201104,-0.9062151447788457,
United Arab Emirates,2.756636108245848,0.6020599913279624,1.0791812460476249,0.9899167890703249,2.7993,2.0677119624627105,5.582716586922887,4.6095837384680385,0.38021124171160603,1.2787536009528289,,1.3654879848908996,29.37,33.7,,27.7,Western Asia,0.005263157894736842,1.3857468248905604,0.4872044656493376,
Channel Islands,2.037426497940624,0.47712125471966244,0.0,-0.7637147225519715,23.6272,2.957428313199621,,,,,,,,,,,,0.018518518518518517,,,
United Kingdom,4.290546554280307,3.089551882886454,1.3979400086720377,1.8294980359450863,24.135,2.4458080714628725,6.4201584820088,4.599424529376927,0.4471580313422192,1.5185139398778875,,0.8129133566428556,40.07,24.9,14.35,23.4,Northern Europe,0.06290339104599939,2.013868241149385,0.9425123326137168,
Uruguay,2.484299839346786,0.3010299956639812,0.9542425094393249,0.5392894280714453,20.012,1.2962065261930988,4.772174960824614,4.233503760341135,0.6989700043360189,1.0791812460476249,1.1109262422664203,0.3010299956639812,34.16,23.6,15.55,31.1,Latin America and the Caribbean,0.003289473684210526,1.2446141512012896,0.8644029094896836,0.8326579132708881
United States of America,5.148870921507268,3.392345155361204,1.4313637641589874,2.5172815603579433,22.418000000000003,1.5559826940525798,7.289709191770787,4.77854917130615,0.414973347970818,1.4771212547196624,,1.209515014542631,37.3,31.8,13.4,15.6,Northern America,0.017510611416322416,2.216612930594428,1.1544650238455836,
Uzbekistan,2.161368002234975,0.47712125471966244,0.3010299956639812,1.518273037045053,7.962000000000001,1.8894759457203283,4.696155360864466,3.1922886125681202,0.38021124171160603,1.662757831681574,,0.5563025007672873,24.88,17.3,11.95,28.4,Central Asia,0.013888888888888888,0.25987821333859057,-1.0226683766313776,
Venezuela (Boliv. Rep. of),2.0791812460476247,0.47712125471966244,0.6020599913279624,1.4550855600597141,11.5782,1.5095922712308376,5.406698541310362,3.9018395920512297,0.2787536009528289,1.0413926851582251,,0.785329835010767,26.73,30.8,,31.2,Latin America and the Caribbean,0.01680672268907563,0.3417078003799876,-0.42093128382540845,
Viet Nam,2.2764618041732443,0.0,0.9030899869919435,1.9843567123700698,11.8554,2.492896939905751,5.349821269512391,3.369586890736344,-0.09691001300805639,1.4913616938342726,,0.25527250510330607,29.41,1.6,23.3,26.1,South-eastern Asia,0.0,0.3867111499016664,-1.2015605569406627,
Australia,3.600428325732131,1.2304489213782739,1.3010299956639813,1.4014556857859866,21.4395,0.515966518620907,6.148811115470652,4.760520490215653,0.5563025007672873,1.5797835966168101,,1.1846914308175989,37.08,25.1,10.75,18.2,Australia and New Zealand,0.004016064257028112,1.6425611431983873,0.6190800473488643,
Canada,3.798028793404073,1.8129133566428555,1.2787536009528289,1.572999317090947,24.3344,0.6142642873587052,6.216725240602277,4.652961515557108,0.414973347970818,1.505149978319906,1.1386184338994925,1.1789769472931695,39.99,24.3,9.95,15.3,Northern America,0.01019108280254777,1.809986978675431,0.7198103483263429,1.0863418927467565
China,4.910864427637006,3.5186455243303114,1.8325089127062364,3.1564836387921753,16.8409,2.183900749700108,7.087702712544212,3.938619781502681,0.25527250510330607,1.6232492903979006,,0.8750612633917001,35.12,5.6,22.45,27.8,Eastern Asia,0.04051863857374392,1.4991029513436103,0.1311261660490158,
